{
    "U-Net (ResNet34)": {
        "mean_iou": 0.26711763224854657,
        "mean_dice": 0.3010906436594062,
        "pixel_accuracy": 0.8221693441901409,
        "mean_hd95": 49.38815151347074,
        "per_class_iou": [
            0.8279492904042973,
            0.0,
            0.0,
            0.157032668357715,
            0.0,
            0.0,
            0.09692724687712533,
            0.0,
            0.11483851853259948,
            0.0,
            0.00070919202582445,
            3.9679439526350636e-05,
            0.11445090055851073,
            0.03464174065487208,
            0.12728800886023756,
            0.2523011059607737,
            0.0,
            0.0,
            0.027553743751281324,
            0.1067582152824363,
            0.07621491059314373
        ],
        "per_class_dice": [
            0.8972825400986022,
            0.0,
            0.0,
            0.20687967538833618,
            0.0,
            0.0,
            0.11308476073401315,
            0.0,
            0.1302088250915065,
            0.0,
            0.001410206137225032,
            7.929981282878933e-05,
            0.13264290750797453,
            0.05376588281973995,
            0.17051177654606622,
            0.31318906307077177,
            0.0,
            0.0,
            0.041910889640669614,
            0.13546852352421568,
            0.09780929566815842
        ],
        "per_class_accuracy": [
            0.9688077118475112,
            0.0,
            0.0,
            0.1977397773701411,
            0.0,
            0.0,
            0.6647313453934409,
            0.0,
            0.7633745307102799,
            0.0,
            0.0017731597283273004,
            6.538316323284936e-05,
            0.5636453103673246,
            0.07774928905179396,
            0.2656864217540715,
            0.4751718019583274,
            0.0,
            0.0,
            0.07503106391343933,
            0.3719237991298238,
            0.3465856680503258
        ]
    },
    "DeepLabV3+": {
        "mean_iou": 0.433016986513907,
        "mean_dice": 0.4889324216831512,
        "pixel_accuracy": 0.8715153367306705,
        "mean_hd95": 42.88016871193658,
        "per_class_iou": [
            0.8641794848609978,
            0.4801222542921702,
            0.07689359597861767,
            0.29951916164473485,
            0.27907353239133953,
            0.07972849423394483,
            0.34824515487018387,
            0.2679700137753236,
            0.34184612532456715,
            0.045890154391527174,
            0.1434109192341566,
            0.271649446648856,
            0.3175243479864938,
            0.22575895101935775,
            0.3144956220957366,
            0.329939429166502,
            0.05121400163454168,
            0.1155324369095839,
            0.11387508579840262,
            0.36127551432905924,
            0.16407268441149167
        ],
        "per_class_dice": [
            0.9203732930158786,
            0.5876142819722493,
            0.11912870034575462,
            0.35192294183530304,
            0.35605821330100296,
            0.11452863321584814,
            0.3983989859882154,
            0.31758923593320343,
            0.37861460248629253,
            0.06892583034932613,
            0.18460827010373274,
            0.3368090795766976,
            0.37593373230525423,
            0.2901989795543529,
            0.39166533472863113,
            0.39903554821322706,
            0.07538909300723497,
            0.15455018270474213,
            0.14310734067112207,
            0.459651712845597,
            0.2263979666999408
        ],
        "per_class_accuracy": [
            0.9532150637375917,
            0.623753682925151,
            0.20349211245775223,
            0.4804437171954375,
            0.3698575616710716,
            0.14803869964984748,
            0.6361599158157002,
            0.3333800943458782,
            0.734374753634135,
            0.06286594662815333,
            0.3564965307712555,
            0.319705132066327,
            0.5182453095912933,
            0.42935443713384513,
            0.5884096413850785,
            0.6341967820366726,
            0.06010539128499873,
            0.11737046534052262,
            0.34327366346350086,
            0.48242805742969114,
            0.18528389071042722
        ]
    },
    "U-Net (No Aug)": {
        "mean_iou": 0.17833068441359762,
        "mean_dice": 0.20154262969933368,
        "pixel_accuracy": 0.8272896350269586,
        "mean_hd95": 53.61760814735763,
        "per_class_iou": [
            0.8362204338743093,
            0.06091616542662604,
            0.00010826189711224288,
            0.0,
            0.0,
            0.0,
            0.04985227664573151,
            0.010518094547950557,
            0.20077454444506895,
            8.805119346909444e-05,
            0.027377534966999247,
            0.015324532069651542,
            0.07684977057531638,
            0.06744547421807673,
            4.79892526830857e-06,
            0.23282116486480434,
            0.0,
            0.0,
            0.023425396076096904,
            0.031329380643840596,
            0.014851984691203517
        ],
        "per_class_dice": [
            0.9027547265442324,
            0.0876317999120486,
            0.00021600913954898714,
            0.0,
            0.0,
            0.0,
            0.05867459638076916,
            0.016394992029630354,
            0.2270288969511571,
            0.00017571520584169775,
            0.04098277373948315,
            0.02442754876348331,
            0.09710108366308977,
            0.09351721517185667,
            9.59715883557995e-06,
            0.2803640694577528,
            0.0,
            0.0,
            0.03141468211656391,
            0.04480765228016445,
            0.02104708928108106
        ],
        "per_class_accuracy": [
            0.9737151791232292,
            0.28208878292487216,
            0.0002708756175707094,
            0.0,
            0.0,
            0.0,
            0.5475198524919423,
            0.04975346888942808,
            0.6588737840453783,
            0.00029957062797620894,
            0.18499867341015488,
            0.09451317042797147,
            0.29315354191099424,
            0.29467929461423087,
            4.79892526830857e-06,
            0.5259674334356302,
            0.0,
            0.0,
            0.16475486843130335,
            0.22929807746162018,
            0.10100101808739755
        ]
    },
    "U-Net (ResNet18)": {
        "mean_iou": 0.20731548599481875,
        "mean_dice": 0.23523956237850047,
        "pixel_accuracy": 0.8018609705105634,
        "mean_hd95": 56.27221808081385,
        "per_class_iou": [
            0.830932669586419,
            0.18537382259964943,
            0.0,
            0.02016403546440415,
            0.03706987009480082,
            0.0,
            0.06134467689054353,
            0.0,
            7.142048011503547e-05,
            3.5688978431818e-05,
            0.0,
            0.05063138361341165,
            0.04004353163871254,
            0.0,
            0.002901107037663072,
            0.1587480985908769,
            0.0,
            0.0,
            0.04425049985174911,
            0.044541525100562515,
            0.03718950466819755
        ],
        "per_class_dice": [
            0.8979321484554541,
            0.24050507446130118,
            0.0,
            0.03416273248149082,
            0.06087245149859067,
            0.0,
            0.08192151146275657,
            0.0,
            0.00014270864093028334,
            7.129922130097372e-05,
            0.0,
            0.07562053358803193,
            0.05450108616377761,
            0.0,
            0.00567827838191685,
            0.19895902684324288,
            0.0,
            0.0,
            0.05622187929259519,
            0.05881208088504826,
            0.04723416925306716
        ],